metabolite,sample_id,MES,name,molecular_weight,C_number,N_number,sbo,metanetx.chemical,inchikey,seed.compound,hmdb,reactome,kegg.compound,chebi,bigg.metabolite,biocyc,reaction
cpd00001_e0,ERR1620289_sub,2.6666666666666665,H2O-e0,18.01528,0,0,SBO:0000247,MNXM2,XLYOFNOQVPJJNP-UHFFFAOYSA-N,cpd00001,"['HMDB01039', 'HMDB02111']","['R-ALL-109276', 'R-ALL-113518', 'R-ALL-113519', 'R-ALL-113521', 'R-ALL-141343', 'R-ALL-1605715', 'R-ALL-189422', 'R-ALL-2022884', 'R-ALL-29356', 'R-ALL-351603', 'R-ALL-5278291', 'R-ALL-5668574', 'R-ALL-5693747', 'R-ALL-8851517']","['C00001', 'C01328']",CHEBI:15377,h2o,META:WATER,EX_cpd00001_e0
cpd00003_e0,ERR1620289_sub,1.8181818181818181,NAD-e0,662.417162,21,7,SBO:0000247,MNXM8,BAWFJGJZGIEFAR-NNYOXOHSSA-M,cpd00003,HMDB00902,"['R-ALL-113526', 'R-ALL-192307', 'R-ALL-194653', 'R-ALL-29360', 'R-ALL-352330']",C00003,CHEBI:57540,nad,META:NAD,EX_cpd00003_e0
cpd00006_e0,ERR1620289_sub,1.7142857142857142,NADP-e0,740.381183,21,7,SBO:0000247,MNXM5,XJLXINKUBYWONI-NNYOXOHSSA-K,cpd00006,HMDB00217,"['R-ALL-113563', 'R-ALL-113564', 'R-ALL-194668', 'R-ALL-2000348', 'R-ALL-29366', 'R-ALL-351628', 'R-ALL-389556', 'R-ALL-5623650', 'R-ALL-6790191']",C00006,CHEBI:58349,nadp,META:NADP,EX_cpd00006_e0
cpd00007_e0,ERR1620289_sub,0.0,O2-e0,31.9988,0,0,SBO:0000247,MNXM4,MYMOFIZGZYHOMD-UHFFFAOYSA-N,cpd00007,HMDB01377,"['R-ALL-1131511', 'R-ALL-113533', 'R-ALL-113534', 'R-ALL-113535', 'R-ALL-113685', 'R-ALL-1236709', 'R-ALL-189461', 'R-ALL-29368', 'R-ALL-351593', 'R-ALL-352327', 'R-ALL-5668566']",C00007,CHEBI:15379,o2,META:OXYGEN-MOLECULE,EX_cpd00007_e0
cpd00009_e0,ERR1620289_sub,1.8461538461538463,Phosphate-e0,95.97930099999999,0,0,SBO:0000247,MNXM9,NBIIXXVUZAFLBC-UHFFFAOYSA-L,cpd00009,"['HMDB00973', 'HMDB01429', 'HMDB05947', 'HMDB02105', 'HMDB02142']","['R-ALL-109277', 'R-ALL-113548', 'R-ALL-113550', 'R-ALL-113551', 'R-ALL-29372', 'R-ALL-5228339', 'R-ALL-8851226', 'R-ALL-8851513']",C00009,CHEBI:43474,pi,"['META:CPD-16459', 'META:PHOSPHATE-GROUP', 'META:Pi']",EX_cpd00009_e0
cpd00010_e0,ERR1620289_sub,1.8666666666666667,CoA-e0,763.502363,21,7,SBO:0000247,MNXM12,RGJOEKWQDUBAIZ-IBOSZNHHSA-J,cpd00010,"['HMDB01423', 'HMDB62184']","['R-ALL-162743', 'R-ALL-1678675', 'R-ALL-193514', 'R-ALL-2485002', 'R-ALL-29374', 'R-ALL-76194', 'R-ALL-8939024']",C00010,CHEBI:57287,coa,"['META:CO-A', 'META:COA-GROUP']",EX_cpd00010_e0
cpd00011_e0,ERR1620289_sub,0.0,CO2-e0,44.0095,1,0,SBO:0000247,MNXM13,CURLTUGMZLYLDI-UHFFFAOYSA-N,cpd00011,HMDB01967,"['R-ALL-1132345', 'R-ALL-113528', 'R-ALL-1237009', 'R-ALL-159751', 'R-ALL-159942', 'R-ALL-189480', 'R-ALL-29376', 'R-ALL-389536', 'R-ALL-5668565']",C00011,CHEBI:16526,co2,META:CARBON-DIOXIDE,EX_cpd00011_e0
cpd00012_e0,ERR1620289_sub,1.8333333333333333,PPi-e0,174.951262,0,0,SBO:0000247,MNXM11,XPPKVPWEQAFLFU-UHFFFAOYSA-K,cpd00012,HMDB00250,"['R-ALL-111294', 'R-ALL-1132084', 'R-ALL-113541', 'R-ALL-113542', 'R-ALL-159450', 'R-ALL-2046049', 'R-ALL-389593', 'R-ALL-6806656', 'R-ALL-8878981', 'R-ALL-8938078']",C00013,CHEBI:33019,ppi,"['META:PPI', 'META:PYROPHOSPHATE-GROUP']",EX_cpd00012_e0
cpd00013_e0,ERR1620289_sub,1.8181818181818181,NH3-e0,18.03846,0,1,SBO:0000247,MNXM15,QGZKDVFQNNGYKY-UHFFFAOYSA-O,cpd00013,"['HMDB00051', 'HMDB41827']","['R-ALL-1132163', 'R-ALL-113561', 'R-ALL-140912', 'R-ALL-2022135', 'R-ALL-29382', 'R-ALL-31633', 'R-ALL-389843', 'R-ALL-5693978', 'R-ALL-76230']",C01342,CHEBI:28938,"['nh3', 'nh4']","['META:AMMONIA', 'META:AMMONIUM']",EX_cpd00013_e0
cpd00017_e0,ERR1620289_sub,1.9,S-Adenosyl-L-methionine-e0,399.44532000000004,15,6,SBO:0000247,MNXM16,MEFKEPWMEQBLKI-AIRLBKTGSA-O,cpd00017,"['HMDB01185', 'HMDB62709']","['R-ALL-2162265', 'R-ALL-353113', 'R-ALL-5279190', 'R-ALL-71284', 'R-ALL-77087']",C00019,"['CHEBI:15414', 'CHEBI:10786', 'CHEBI:10833', 'CHEBI:12742', 'CHEBI:12757', 'CHEBI:12760', 'CHEBI:22036', 'CHEBI:45607', 'CHEBI:527887', 'CHEBI:8946', 'CHEBI:33442', 'CHEBI:59789', 'CHEBI:67040']",amet,META:S-ADENOSYLMETHIONINE,EX_cpd00017_e0
cpd00023_e0,ERR1620289_sub,1.8888888888888888,L-Glutamate-e0,146.12132,5,1,SBO:0000247,MNXM89557,WHUUTDBJXJRKMK-VKHMYHEASA-M,cpd00023,"['HMDB00148', 'HMDB60475']","['R-ALL-113552', 'R-ALL-210382', 'R-ALL-29404', 'R-ALL-428614']","['C00025', 'C00302']","['CHEBI:14321', 'CHEBI:16015', 'CHEBI:21304', 'CHEBI:42825', 'CHEBI:6224', 'CHEBI:18237', 'CHEBI:24314', 'CHEBI:5431', 'CHEBI:29985', 'CHEBI:13107', 'CHEBI:21301', 'CHEBI:29987', 'CHEBI:29988', 'CHEBI:76051']",glu__L,"['META:GLT', 'META:Glutamates']",EX_cpd00023_e0
cpd00024_e0,ERR1620289_sub,1.6,2-Oxoglutarate-e0,144.08226,5,0,SBO:0000247,MNXM20,KPGXRSRHYNQIFN-UHFFFAOYSA-L,cpd00024,"['HMDB00208', 'HMDB02812', 'HMDB62781']","['R-ALL-113594', 'R-ALL-113671', 'R-ALL-29406', 'R-ALL-389537', 'R-ALL-5278317', 'R-ALL-561075']",C00026,"['CHEBI:16810', 'CHEBI:11638', 'CHEBI:19748', 'CHEBI:30915', 'CHEBI:1253', 'CHEBI:19749', 'CHEBI:40661', 'CHEBI:30916']",akg,META:2-KETOGLUTARATE,EX_cpd00024_e0
cpd00025_e0,ERR1620289_sub,0.0,H2O2-e0,34.01468,0,0,SBO:0000247,MNXM22,MHAJPDPJQMAIIY-UHFFFAOYSA-N,cpd00025,"['HMDB03125', 'HMDB06491']","['R-ALL-113575', 'R-ALL-1614617', 'R-ALL-189481', 'R-ALL-29408', 'R-ALL-351629']",C00027,"['CHEBI:16240', 'CHEBI:13354', 'CHEBI:13355', 'CHEBI:24637', 'CHEBI:44812', 'CHEBI:5586', 'CHEBI:25940', 'CHEBI:29192', 'CHEBI:44785', 'CHEBI:29370', 'CHEBI:44782']",h2o2,META:HYDROGEN-PEROXIDE,EX_cpd00025_e0
cpd00027_e0,ERR1620289_sub,1.7142857142857142,D-Glucose-e0,180.15588,6,0,SBO:0000247,MNXM41,WQZGKKKJIJFFOK-GASJEMHNSA-N,cpd00027,"['HMDB00122', 'HMDB06564']",,C00031,"['CHEBI:17634', 'CHEBI:12965', 'CHEBI:20999', 'CHEBI:4167']",glc__D,META:Glucopyranose,EX_cpd00027_e0
cpd00028_e0,ERR1620289_sub,1.9090909090909092,Heme-e0,614.4714,34,4,SBO:0000247,MNXM78362,KABFMIBPWCXCRK-BDOQQTMTSA-N,cpd00028,,,C00032,CHEBI:60344,pheme,META:PROTOHEME,EX_cpd00028_e0
cpd00029_e0,ERR1620289_sub,0.0,Acetate-e0,59.044019999999996,2,0,SBO:0000247,MNXM26,QTBSBXVTEAMEQO-UHFFFAOYSA-M,cpd00029,HMDB00042,"['R-ALL-113539', 'R-ALL-1524044', 'R-ALL-2022890', 'R-ALL-29416', 'R-ALL-390305']",C00033,"['CHEBI:15366', 'CHEBI:22169', 'CHEBI:2387', 'CHEBI:40486', 'CHEBI:30089', 'CHEBI:13704', 'CHEBI:22165', 'CHEBI:40480']",ac,META:ACET,EX_cpd00029_e0
cpd00030_e0,ERR1620289_sub,0.0,Mn2+-e0,54.938049,0,0,SBO:0000247,MNXM2255,WAEMQWOKJMHJLA-UHFFFAOYSA-N,cpd00030,HMDB01333,"['R-ALL-1981162', 'R-ALL-29418']",C19610,"['CHEBI:29035', 'CHEBI:21435', 'CHEBI:25156', 'CHEBI:49749']",mn2,META:MN+2,EX_cpd00030_e0
cpd00033_e0,ERR1620289_sub,3.68,Glycine-e0,75.0666,2,1,SBO:0000247,MNXM29,DHMQDGOQFOQNFH-UHFFFAOYSA-N,cpd00033,HMDB00123,"['R-ALL-113545', 'R-ALL-159549', 'R-ALL-193446', 'R-ALL-266029', 'R-ALL-29424']",C00037,"['CHEBI:15428', 'CHEBI:10792', 'CHEBI:14344', 'CHEBI:24368', 'CHEBI:42964', 'CHEBI:5460', 'CHEBI:32507', 'CHEBI:32508', 'CHEBI:57305']",gly,META:GLY,EX_cpd00033_e0
cpd00034_e0,ERR1620289_sub,0.0,Zn2+-e0,65.409,0,0,SBO:0000247,MNXM149,PTFCDOFLOPIGGS-UHFFFAOYSA-N,cpd00034,HMDB01303,"['R-ALL-158417', 'R-ALL-216667', 'R-ALL-216785', 'R-ALL-29426', 'R-ALL-435350', 'R-ALL-437093', 'R-ALL-442320']",C00038,"['CHEBI:29105', 'CHEBI:10113', 'CHEBI:27368', 'CHEBI:49972', 'CHEBI:49982']","['HC02172', 'zn2']",META:ZN+2,EX_cpd00034_e0
cpd00035_e0,ERR1620289_sub,3.111111111111111,L-Alanine-e0,89.09318,3,1,SBO:0000247,MNXM32,QNAYBMKLOCPYGJ-REOHCLBHSA-N,cpd00035,"['HMDB00161', 'HMDB62251']","['R-ALL-29432', 'R-ALL-352036', 'R-ALL-379697', 'R-ALL-389664']","['C00041', 'C01401']","['CHEBI:16449', 'CHEBI:13748', 'CHEBI:22277', 'CHEBI:2539', 'CHEBI:16977', 'CHEBI:13069', 'CHEBI:21216', 'CHEBI:40734', 'CHEBI:40735', 'CHEBI:46308', 'CHEBI:6171', 'CHEBI:32431', 'CHEBI:32432', 'CHEBI:32439', 'CHEBI:32440', 'CHEBI:57972', 'CHEBI:66916', 'CHEBI:76050']",ala__L,META:L-ALPHA-ALANINE,EX_cpd00035_e0
cpd00036_e0,ERR1620289_sub,3.619047619047619,Succinate-e0,116.07216,4,0,SBO:0000247,MNXM25,KDYFGRWQOYBRFD-UHFFFAOYSA-L,cpd00036,HMDB00254,"['R-ALL-113536', 'R-ALL-159939', 'R-ALL-29434', 'R-ALL-389583', 'R-ALL-433123', 'R-ALL-5278787']",C00042,"['CHEBI:15741', 'CHEBI:22943', 'CHEBI:26807', 'CHEBI:45639', 'CHEBI:9304', 'CHEBI:30031', 'CHEBI:15125', 'CHEBI:22941', 'CHEBI:26803', 'CHEBI:30779', 'CHEBI:90372', 'CHEBI:132287']",succ,META:SUC,EX_cpd00036_e0
cpd00039_e0,ERR1620289_sub,0.0,L-Lysine-e0,147.1955,6,2,SBO:0000247,MNXM78,KDXKERNSBIXSRK-YFKPBYRVSA-O,cpd00039,"['HMDB00182', 'HMDB03405', 'HMDB62809']","['R-ALL-29444', 'R-ALL-351979', 'R-ALL-351991']","['C00047', 'C16440']","['CHEBI:133538', 'CHEBI:18019', 'CHEBI:13135', 'CHEBI:21351', 'CHEBI:43950', 'CHEBI:6264', 'CHEBI:25094', 'CHEBI:32550', 'CHEBI:32551', 'CHEBI:32552', 'CHEBI:32563', 'CHEBI:32564', 'CHEBI:32565']",lys__L,META:LYS,EX_cpd00039_e0
cpd00041_e0,ERR1620289_sub,1.3333333333333333,L-Aspartate-e0,132.09474,4,1,SBO:0000247,MNXM42,CKLJMWTZIZZHCS-REOHCLBHSA-M,cpd00041,"['HMDB00191', 'HMDB62186', 'HMDB62501']","['R-ALL-113553', 'R-ALL-29448']","['C00049', 'C16433']","['CHEBI:132943', 'CHEBI:17053', 'CHEBI:21247', 'CHEBI:40853', 'CHEBI:40900', 'CHEBI:40913', 'CHEBI:40942', 'CHEBI:6193', 'CHEBI:22660', 'CHEBI:29991', 'CHEBI:13085', 'CHEBI:21244', 'CHEBI:29993', 'CHEBI:29995', 'CHEBI:35391', 'CHEBI:22659', 'CHEBI:29992']",asp__L,META:L-ASPARTATE,EX_cpd00041_e0
cpd00047_e0,ERR1620289_sub,0.0,Formate-e0,45.01744,1,0,SBO:0000247,MNXM39,BDAGIHXWWSANSR-UHFFFAOYSA-M,cpd00047,HMDB00142,"['R-ALL-194712', 'R-ALL-29460', 'R-ALL-389585', 'R-ALL-6801451']",C00058,"['CHEBI:15740', 'CHEBI:14276', 'CHEBI:24081', 'CHEBI:30751', 'CHEBI:24082', 'CHEBI:42460', 'CHEBI:5145']",for,"['META:CARBOXYL-GROUP', 'META:CPD-9845', 'META:CPD1G-1532', 'META:CPD1G-1533', 'META:CPD1G-1534', 'META:CPD1G-1535', 'META:FORMATE']",EX_cpd00047_e0
cpd00048_e0,ERR1620289_sub,0.0,Sulfate-e0,96.0626,0,0,SBO:0000247,MNXM58,QAOWNCQODCNURD-UHFFFAOYSA-L,cpd00048,HMDB01448,"['R-ALL-1606845', 'R-ALL-1609649', 'R-ALL-1614584', 'R-ALL-174375', 'R-ALL-427648']",C00059,"['CHEBI:16189', 'CHEBI:15135', 'CHEBI:45687', 'CHEBI:9335', 'CHEBI:26836', 'CHEBI:45696', 'CHEBI:29199', 'CHEBI:45693']",so4,"['META:HSO4', 'META:SULFATE']",EX_cpd00048_e0
cpd00051_e0,ERR1620289_sub,0.0,L-Arginine-e0,175.2089,6,4,SBO:0000247,MNXM70,ODKSFYDXXFIFQN-BYPYZUCNSA-O,cpd00051,"['HMDB00517', 'HMDB62762']","['R-ALL-113530', 'R-ALL-29468', 'R-ALL-351977', 'R-ALL-374064']","['C00062', 'C02385']","['CHEBI:16467', 'CHEBI:13077', 'CHEBI:21235', 'CHEBI:42927', 'CHEBI:6185', 'CHEBI:29016', 'CHEBI:22616', 'CHEBI:2643', 'CHEBI:32681', 'CHEBI:32682', 'CHEBI:133495', 'CHEBI:32683', 'CHEBI:32695', 'CHEBI:32696', 'CHEBI:32697']",arg__L,META:ARG,EX_cpd00051_e0
cpd00053_e0,ERR1620289_sub,3.466666666666667,L-Glutamine-e0,146.1445,5,2,SBO:0000247,MNXM37,ZDXPYRJPNDTMRX-VKHMYHEASA-N,cpd00053,HMDB00641,"['R-ALL-113522', 'R-ALL-212615', 'R-ALL-29472']","['C00064', 'C00303']","['CHEBI:18050', 'CHEBI:13110', 'CHEBI:21308', 'CHEBI:42812', 'CHEBI:42814', 'CHEBI:42899', 'CHEBI:42943', 'CHEBI:6227', 'CHEBI:28300', 'CHEBI:24316', 'CHEBI:5432', 'CHEBI:32665', 'CHEBI:32666', 'CHEBI:32678', 'CHEBI:32679', 'CHEBI:58359']",gln__L,META:GLN,EX_cpd00053_e0
cpd00054_e0,ERR1620289_sub,0.0,L-Serine,105.09258,3,1,SBO:0000247,MNXM53,MTCFGRXMJLQNBG-REOHCLBHSA-N,cpd00054,"['HMDB00187', 'HMDB00589', 'HMDB62263']","['R-ALL-200736', 'R-ALL-352002', 'R-ALL-379732', 'R-ALL-8932979']","['C00065', 'C00716']","['CHEBI:17115', 'CHEBI:13167', 'CHEBI:21387', 'CHEBI:45440', 'CHEBI:45451', 'CHEBI:45590', 'CHEBI:45597', 'CHEBI:45677', 'CHEBI:6301', 'CHEBI:17822', 'CHEBI:15081', 'CHEBI:26648', 'CHEBI:9116', 'CHEBI:32836', 'CHEBI:32837', 'CHEBI:32845', 'CHEBI:32846', 'CHEBI:33384', 'CHEBI:35243']",ser__L,"['META:SER', 'META:Serines']",EX_cpd00054_e0
cpd00058_e0,ERR1620289_sub,0.0,Cu2+-e0,63.546,0,0,SBO:0000247,MNXM632,JPVYNHNXODAKFH-UHFFFAOYSA-N,cpd00058,HMDB00657,"['R-ALL-209799', 'R-ALL-437295', 'R-ALL-936901']",C00070,"['CHEBI:29036', 'CHEBI:20882', 'CHEBI:23380', 'CHEBI:49550']",cu2,META:CU+2,EX_cpd00058_e0
cpd00060_e0,ERR1620289_sub,0.0,L-Methionine-e0,149.21134,5,1,SBO:0000247,MNXM61,FFEARJCKVFRZRR-BYPYZUCNSA-N,cpd00060,"['HMDB00696', 'HMDB33951']","['R-ALL-1130765', 'R-ALL-174390', 'R-ALL-379705']","['C00073', 'C01733']","['CHEBI:16643', 'CHEBI:13141', 'CHEBI:21360', 'CHEBI:43990', 'CHEBI:6271', 'CHEBI:16811', 'CHEBI:14590', 'CHEBI:25229', 'CHEBI:6829', 'CHEBI:32631', 'CHEBI:32632', 'CHEBI:32644', 'CHEBI:32646', 'CHEBI:57844', 'CHEBI:64558']",met__L,META:MET,EX_cpd00060_e0
cpd00063_e0,ERR1620289_sub,0.0,Ca2+-e0,40.078,0,0,SBO:0000247,MNXM128,BHPQYMZQTOCNFJ-UHFFFAOYSA-N,cpd00063,HMDB00464,"['R-ALL-111875', 'R-ALL-139827', 'R-ALL-1606834', 'R-ALL-167012', 'R-ALL-2855229', 'R-ALL-74016', 'R-ALL-74112']",C00076,"['CHEBI:29108', 'CHEBI:22988', 'CHEBI:3308', 'CHEBI:48760', 'CHEBI:39123']",ca2,META:CA+2,EX_cpd00063_e0
cpd00064_e0,ERR1620289_sub,7.5,Ornithine-e0,133.16892,5,2,SBO:0000247,MNXM89689,AHLPHDHHMVZTML-BYPYZUCNSA-O,cpd00064,"['HMDB00214', 'HMDB00818', 'HMDB04984', 'HMDB32455', 'HMDB62654', 'HMDB62718']","['R-ALL-113585', 'R-ALL-113586', 'R-ALL-29498']","['C00077', 'C01602']","['CHEBI:15729', 'CHEBI:13148', 'CHEBI:21367', 'CHEBI:6280', 'CHEBI:18257', 'CHEBI:7784', 'CHEBI:32964', 'CHEBI:11448', 'CHEBI:19370', 'CHEBI:44667', 'CHEBI:46911', 'CHEBI:46912', 'CHEBI:46913', 'CHEBI:46914']","['orn', 'orn__L']",META:L-ORNITHINE,EX_cpd00064_e0
cpd00065_e0,ERR1620289_sub,0.0,L-Tryptophan-e0,204.22518000000002,11,2,SBO:0000247,MNXM94,QIVBCDIJIAJPQS-VIFPVBQESA-N,cpd00065,"['HMDB00929', 'HMDB30396']","['R-ALL-29500', 'R-ALL-352006', 'R-ALL-379709']","['C00078', 'C00806']","['CHEBI:16828', 'CHEBI:13178', 'CHEBI:184633', 'CHEBI:21407', 'CHEBI:45988', 'CHEBI:46086', 'CHEBI:46125', 'CHEBI:46225', 'CHEBI:6310', 'CHEBI:27897', 'CHEBI:27163', 'CHEBI:9769', 'CHEBI:32702', 'CHEBI:32704', 'CHEBI:32727', 'CHEBI:32728', 'CHEBI:57912', 'CHEBI:64554']",trp__L,META:TRP,EX_cpd00065_e0
cpd00066_e0,ERR1620289_sub,0.0,L-Phenylalanine-e0,165.18914,9,1,SBO:0000247,MNXM97,COLNVLDHVKWLRT-QMMMGPOBSA-N,cpd00066,"['HMDB00159', 'HMDB00612']","['R-ALL-29502', 'R-ALL-351993', 'R-ALL-379701']","['C00079', 'C02057']","['CHEBI:17295', 'CHEBI:13151', 'CHEBI:21370', 'CHEBI:44851', 'CHEBI:44885', 'CHEBI:45079', 'CHEBI:6282', 'CHEBI:28044', 'CHEBI:25984', 'CHEBI:8089', 'CHEBI:32486', 'CHEBI:32487', 'CHEBI:32504', 'CHEBI:32505', 'CHEBI:58095', 'CHEBI:76052']",phe__L,META:PHE,EX_cpd00066_e0
cpd00067_e0,ERR1620289_sub,0.0,H+-e0,1.00794,0,0,SBO:0000247,MNXM1,GPRLSGONYQIRFK-UHFFFAOYSA-N,cpd00067,HMDB59597,"['R-ALL-1132304', 'R-ALL-113529', 'R-ALL-1470067', 'R-ALL-156540', 'R-ALL-163953', 'R-ALL-193465', 'R-ALL-194688', 'R-ALL-2000349', 'R-ALL-2872447', 'R-ALL-351626', 'R-ALL-372511', 'R-ALL-374900', 'R-ALL-425969', 'R-ALL-425978', 'R-ALL-425999', 'R-ALL-427899', 'R-ALL-428040', 'R-ALL-428548', 'R-ALL-5668577', 'R-ALL-70106', 'R-ALL-74722']",C00080,"['CHEBI:15378', 'CHEBI:10744', 'CHEBI:13357', 'CHEBI:5584']",h,META:PROTON,EX_cpd00067_e0
cpd00069_e0,ERR1620289_sub,0.0,L-Tyrosine-e0,181.18854,9,1,SBO:0000247,MNXM76,OUYCCCASQSFEME-QMMMGPOBSA-N,cpd00069,"['HMDB00158', 'HMDB00647']","['R-ALL-29506', 'R-ALL-352030', 'R-ALL-379710', 'R-ALL-5668567']","['C00082', 'C01536']","['CHEBI:17895', 'CHEBI:13181', 'CHEBI:21411', 'CHEBI:46070', 'CHEBI:46161', 'CHEBI:6313', 'CHEBI:18186', 'CHEBI:15277', 'CHEBI:27176', 'CHEBI:9800', 'CHEBI:32760', 'CHEBI:32761', 'CHEBI:32762', 'CHEBI:32784', 'CHEBI:32785', 'CHEBI:32786', 'CHEBI:58315']",tyr__L,META:TYR,EX_cpd00069_e0
cpd00071_e0,ERR1620289_sub,1.6,Acetaldehyde-e0,44.05256,2,0,SBO:0000247,MNXM75,IKHGUXGNUITLKF-UHFFFAOYSA-N,cpd00071,HMDB00990,"['R-ALL-113532', 'R-ALL-113681', 'R-ALL-113745', 'R-ALL-29510']",C00084,"['CHEBI:15343', 'CHEBI:13703', 'CHEBI:22158', 'CHEBI:2383', 'CHEBI:40533']",acald,META:ACETALD,EX_cpd00071_e0
cpd00073_e0,ERR1620289_sub,0.0,Urea-e0,60.055260000000004,1,2,SBO:0000247,MNXM117,XSQUKJJJFZCRTK-UHFFFAOYSA-N,cpd00073,HMDB00294,"['R-ALL-29514', 'R-ALL-374061', 'R-ALL-432019']",C00086,"['CHEBI:134711', 'CHEBI:16199', 'CHEBI:15292', 'CHEBI:27218', 'CHEBI:46379', 'CHEBI:9888', 'CHEBI:32285', 'CHEBI:48376']",urea,META:UREA,EX_cpd00073_e0
cpd00076_e0,ERR1620289_sub,0.0,Sucrose-e0,342.29648000000003,12,0,SBO:0000247,MNXM167,CZMRCDWAGMRECN-UGDNZRGBSA-N,cpd00076,HMDB00258,R-ALL-188980,C00089,"['CHEBI:17992', 'CHEBI:15128', 'CHEBI:26812', 'CHEBI:45795', 'CHEBI:9314']",sucr,META:SUCROSE,EX_cpd00076_e0
cpd00080_e0,ERR1620289_sub,1.6666666666666667,Glycerol-3-phosphate-e0,170.057841,3,0,SBO:0000247,MNXM66,AWUCVROLDVIAJX-GSVOUGTGSA-L,cpd00080,"['HMDB00126', 'HMDB02722']","['R-ALL-188458', 'R-ALL-76114']",C00093,"['CHEBI:15978', 'CHEBI:10648', 'CHEBI:12843', 'CHEBI:12848', 'CHEBI:26705', 'CHEBI:42793', 'CHEBI:57597']",glyc3p,META:GLYCEROL-3P,EX_cpd00080_e0
cpd00082_e0,ERR1620289_sub,3.3333333333333335,D-Fructose-e0,180.15588,6,0,SBO:0000247,MNXM175,RFSUNEUAIZKAJO-VRPWFDPXSA-N,cpd00082,HMDB62538,"['R-ALL-189049', 'R-ALL-29532']","['C00095', 'C01496', 'C05003', 'C10906']","['CHEBI:15824', 'CHEBI:12923', 'CHEBI:20929', 'CHEBI:4118', 'CHEBI:28757', 'CHEBI:24104', 'CHEBI:24110', 'CHEBI:5172', 'CHEBI:37714', 'CHEBI:37721', 'CHEBI:48095', 'CHEBI:4119', 'CHEBI:47424']",fru,"['META:CPD-15382', 'META:D-Fructopyranose', 'META:FRU', 'META:Fructofuranose']",EX_cpd00082_e0
cpd00084_e0,ERR1620289_sub,0.0,L-Cysteine-e0,121.15818,3,1,SBO:0000247,MNXM738068,XUJNEKJLAYXESH-REOHCLBHSA-N,cpd00084,HMDB00574,"['R-ALL-111707', 'R-ALL-352016', 'R-ALL-379721', 'R-ALL-5668576']","['C00097', 'C00736']","['CHEBI:15356', 'CHEBI:14061', 'CHEBI:23508', 'CHEBI:4050', 'CHEBI:17561', 'CHEBI:13095', 'CHEBI:21261', 'CHEBI:41227', 'CHEBI:41700', 'CHEBI:41768', 'CHEBI:41781', 'CHEBI:41811', 'CHEBI:6207', 'CHEBI:32442', 'CHEBI:32443', 'CHEBI:32445', 'CHEBI:32456', 'CHEBI:32457', 'CHEBI:32458', 'CHEBI:35235', 'CHEBI:35237']",cys__L,META:CYS,EX_cpd00084_e0
cpd00092_e0,ERR1620289_sub,3.4285714285714284,Uracil-e0,112.08676,4,2,SBO:0000247,MNXM158,ISAKRJDGNUQOIC-UHFFFAOYSA-N,cpd00092,HMDB00300,R-ALL-83962,C00106,"['CHEBI:17568', 'CHEBI:15288', 'CHEBI:27210', 'CHEBI:46375', 'CHEBI:9882', 'CHEBI:43254']",ura,META:URACIL,EX_cpd00092_e0
cpd00099_e0,ERR1620289_sub,0.0,Cl--e0,35.453,0,0,SBO:0000247,MNXM43,VEXZGXHMUGYJMC-UHFFFAOYSA-M,cpd00099,"['HMDB00492', 'HMDB02073', 'HMDB02306', 'HMDB02162']","['R-ALL-188972', 'R-ALL-2730999', 'R-ALL-2731008', 'R-ALL-2731020', 'R-ALL-29572', 'R-ALL-3301973', 'R-ALL-352022']","['C00698', 'C01327']","['CHEBI:17883', 'CHEBI:13364', 'CHEBI:24635', 'CHEBI:5590', 'CHEBI:17996', 'CHEBI:13291', 'CHEBI:13970', 'CHEBI:3616', 'CHEBI:3731', 'CHEBI:48804', 'CHEBI:50315']",cl,"['META:CL-', 'META:HCL']",EX_cpd00099_e0
cpd00100_e0,ERR1620289_sub,0.0,Glycerol-e0,92.09382,3,0,SBO:0000247,MNXM89612,PEDCQBHIVMGVHV-UHFFFAOYSA-N,cpd00100,HMDB00131,"['R-ALL-192438', 'R-ALL-76116']",C00116,"['CHEBI:17754', 'CHEBI:131422', 'CHEBI:14334', 'CHEBI:24351', 'CHEBI:42998', 'CHEBI:5448']",glyc,META:GLYCEROL,EX_cpd00100_e0
cpd00105_e0,ERR1620289_sub,3.0,D-Ribose-e0,150.1299,5,0,SBO:0000247,MNXM242,HMFHBZSHGGEWLO-SOOFDHNKSA-N,cpd00105,HMDB00283,,"['C00121', 'C21057']","['CHEBI:16988', 'CHEBI:13011', 'CHEBI:21078', 'CHEBI:47006', 'CHEBI:47013', 'CHEBI:4233', 'CHEBI:46999']",rib__D,"['META:D-Ribofuranose', 'META:D-Ribopyranose']",EX_cpd00105_e0
cpd00106_e0,ERR1620289_sub,1.5,Fumarate-e0,114.05628,4,0,SBO:0000247,MNXM93,VZCYOOQTPOCHFL-OWOJBTEDSA-L,cpd00106,HMDB00134,"['R-ALL-113588', 'R-ALL-29586']",C00122,"['CHEBI:18012', 'CHEBI:24124', 'CHEBI:42743', 'CHEBI:5190', 'CHEBI:22958', 'CHEBI:29806', 'CHEBI:14284', 'CHEBI:24122', 'CHEBI:42511', 'CHEBI:36180', 'CHEBI:22956', 'CHEBI:22957', 'CHEBI:37154', 'CHEBI:37155']",fum,META:FUM,EX_cpd00106_e0
cpd00107_e0,ERR1620289_sub,1.9130434782608696,L-Leucine-e0,131.17292,6,1,SBO:0000247,MNXM140,ROHFNLRQFUQHCH-YFKPBYRVSA-N,cpd00107,"['HMDB00687', 'HMDB62203']","['R-ALL-113580', 'R-ALL-29588', 'R-ALL-351964']","['C00123', 'C16439']","['CHEBI:15603', 'CHEBI:10866', 'CHEBI:13131', 'CHEBI:21348', 'CHEBI:43646', 'CHEBI:43695', 'CHEBI:43733', 'CHEBI:43814', 'CHEBI:6260', 'CHEBI:25017', 'CHEBI:32619', 'CHEBI:32620', 'CHEBI:32627', 'CHEBI:32628', 'CHEBI:57427']",leu__L,META:LEU,EX_cpd00107_e0
cpd00117_e0,ERR1620289_sub,1.5,D-Alanine-e0,89.09318,3,1,SBO:0000247,MNXM156,QNAYBMKLOCPYGJ-UWTATZPHSA-N,cpd00117,HMDB01310,,C00133,"['CHEBI:15570', 'CHEBI:10840', 'CHEBI:12899', 'CHEBI:20893', 'CHEBI:4087', 'CHEBI:41756', 'CHEBI:41798', 'CHEBI:41848', 'CHEBI:41877', 'CHEBI:32435', 'CHEBI:32436', 'CHEBI:57416']",ala__D,META:D-ALANINE,EX_cpd00117_e0
cpd00118_e0,ERR1620289_sub,0.0,Putrescine-e0,90.16736,4,2,SBO:0000247,MNXM118,KIDHWZJUCRJVML-UHFFFAOYSA-P,cpd00118,"['HMDB01414', 'HMDB60243']","['R-ALL-141350', 'R-ALL-29610']",C00134,"['CHEBI:17148', 'CHEBI:14972', 'CHEBI:26405', 'CHEBI:45092', 'CHEBI:8650', 'CHEBI:326268']",ptrc,META:PUTRESCINE,EX_cpd00118_e0
cpd00119_e0,ERR1620289_sub,0.0,L-Histidine-e0,155.15456,6,3,SBO:0000247,MNXM134,HNDVDQJCIGZPNO-YFKPBYRVSA-N,cpd00119,"['HMDB00177', 'HMDB03412']","['R-ALL-29612', 'R-ALL-379695']","['C00135', 'C00768']","['CHEBI:15971', 'CHEBI:13117', 'CHEBI:21324', 'CHEBI:43048', 'CHEBI:43114', 'CHEBI:43190', 'CHEBI:43239', 'CHEBI:6240', 'CHEBI:27570', 'CHEBI:24598', 'CHEBI:43118', 'CHEBI:5733', 'CHEBI:32510', 'CHEBI:32511', 'CHEBI:32512', 'CHEBI:32513', 'CHEBI:32529', 'CHEBI:32530', 'CHEBI:32531', 'CHEBI:32532', 'CHEBI:57595']",his__L,META:HIS,EX_cpd00119_e0
cpd00122_e0,ERR1620289_sub,0.0,acgam-e0,221.2078,8,1,SBO:0000247,MNXM143,OVRNDRQMDRJTHS-RTRLPJTCSA-N,cpd00122,"['HMDB00215', 'HMDB00533', 'HMDB14288', 'HMDB62641']","['R-ALL-1678743', 'R-ALL-2162231']",C00140,"['CHEBI:17411', 'CHEBI:12455', 'CHEBI:12563', 'CHEBI:21517', 'CHEBI:58134', 'CHEBI:7123', 'CHEBI:506227']",acgam,META:N-acetyl-D-glucosamine,EX_cpd00122_e0
cpd00129_e0,ERR1620289_sub,0.0,L-Proline,115.13046,5,1,SBO:0000247,MNXM114,ONIBWKKTOPOVIA-BYPYZUCNSA-N,cpd00129,HMDB00162,"['R-ALL-113538', 'R-ALL-352033', 'R-ALL-379717']","['C00148', 'C16435']","['CHEBI:17203', 'CHEBI:13154', 'CHEBI:184637', 'CHEBI:21373', 'CHEBI:42067', 'CHEBI:45040', 'CHEBI:45100', 'CHEBI:45159', 'CHEBI:6286', 'CHEBI:26271', 'CHEBI:32862', 'CHEBI:32864', 'CHEBI:32871', 'CHEBI:32872', 'CHEBI:60039', 'CHEBI:58054']",pro__L,META:PRO,EX_cpd00129_e0
cpd00130_e0,ERR1620289_sub,1.3333333333333333,L-Malate-e0,132.07156,4,0,SBO:0000247,MNXM98,BJEPYKJPYRNKOW-REOHCLBHSA-L,cpd00130,HMDB00156,"['R-ALL-113544', 'R-ALL-198498']",C00149,"['CHEBI:15589', 'CHEBI:11066', 'CHEBI:13140', 'CHEBI:18784', 'CHEBI:30797', 'CHEBI:18785', 'CHEBI:423']",mal__L,META:MAL,EX_cpd00130_e0
cpd00132_e0,ERR1620289_sub,1.9230769230769231,L-Asparagine-e0,132.11792,4,2,SBO:0000247,MNXM147,DCXYFEDJOCDNAF-REOHCLBHSA-N,cpd00132,HMDB00168,"['R-ALL-29642', 'R-ALL-379703']","['C00152', 'C16438']","['CHEBI:17196', 'CHEBI:13083', 'CHEBI:21242', 'CHEBI:40902', 'CHEBI:6191', 'CHEBI:22653', 'CHEBI:32650', 'CHEBI:32651', 'CHEBI:32660', 'CHEBI:32661', 'CHEBI:58048']",asn__L,META:ASN,EX_cpd00132_e0
cpd00141_e0,ERR1620289_sub,1.0,Propionate-e0,73.0706,3,0,SBO:0000247,MNXM356,XBDQKXXYIPTUBI-UHFFFAOYSA-M,cpd00141,HMDB00237,,C00163,"['CHEBI:17272', 'CHEBI:14903', 'CHEBI:26290', 'CHEBI:30768', 'CHEBI:26304', 'CHEBI:45227', 'CHEBI:8476']",,META:PROPIONATE,EX_cpd00141_e0
cpd00149_e0,ERR1620289_sub,0.0,Co2+-e0,58.9332,0,0,SBO:0000247,MNXM90960,XLJKHNWPARRRJB-UHFFFAOYSA-N,cpd00149,HMDB00608,,C00175,"['CHEBI:48828', 'CHEBI:23337', 'CHEBI:48827']",cobalt2,META:CO+2,EX_cpd00149_e0
cpd00156_e0,ERR1620289_sub,1.8888888888888888,L-Valine-e0,117.14634,5,1,SBO:0000247,MNXM199,KZSNJWFQEVHDMF-BYPYZUCNSA-N,cpd00156,"['HMDB00883', 'HMDB34366']","['R-ALL-113540', 'R-ALL-29702']","['C00183', 'C16436']","['CHEBI:16414', 'CHEBI:13186', 'CHEBI:21417', 'CHEBI:46282', 'CHEBI:46376', 'CHEBI:46418', 'CHEBI:46484', 'CHEBI:6321', 'CHEBI:27266', 'CHEBI:32851', 'CHEBI:32852', 'CHEBI:32859', 'CHEBI:32860', 'CHEBI:57762', 'CHEBI:87977']",val__L,META:VAL,EX_cpd00156_e0
cpd00161_e0,ERR1620289_sub,0.0,L-Threonine-e0,119.11916,4,1,SBO:0000247,MNXM142,AYFVYJQAPQTCCC-GBXIJSLDSA-N,cpd00161,HMDB00167,"['R-ALL-351990', 'R-ALL-352000', 'R-ALL-379706']",C00188,"['CHEBI:16857', 'CHEBI:13175', 'CHEBI:21403', 'CHEBI:42083', 'CHEBI:45843', 'CHEBI:45983', 'CHEBI:6308', 'CHEBI:26986', 'CHEBI:32820', 'CHEBI:32822', 'CHEBI:32832', 'CHEBI:32833', 'CHEBI:57926']",thr__L,META:THR,EX_cpd00161_e0
cpd00179_e0,ERR1620289_sub,0.0,Maltose-e0,342.29648000000003,12,0,SBO:0000247,MNXM165,GUBGYTABKSRVRQ-PICCSMPSSA-N,cpd00179,,"['R-ALL-188986', 'R-ALL-868706']","['C00208', 'C00897']","['CHEBI:17306', 'CHEBI:14568', 'CHEBI:25144', 'CHEBI:6668', 'CHEBI:18167', 'CHEBI:10300', 'CHEBI:12340', 'CHEBI:22463', 'CHEBI:43893']",malt,"['META:ALPHA-MALTOSE', 'META:MALTOSE']",EX_cpd00179_e0
cpd00182_e0,ERR1620289_sub,1.9166666666666667,Adenosine-e0,267.24132,10,5,SBO:0000247,MNXM212,OIRDTQYFTABQOQ-KQYNXXCUSA-N,cpd00182,"['HMDB00050', 'HMDB04401', 'HMDB04402', 'HMDB04421']","['R-ALL-83908', 'R-ALL-83909', 'R-ALL-8857850']",C00212,"['CHEBI:16335', 'CHEBI:13734', 'CHEBI:22237', 'CHEBI:2472', 'CHEBI:40558', 'CHEBI:40825', 'CHEBI:40906', 'CHEBI:40911']",adn,META:ADENOSINE,EX_cpd00182_e0
cpd00184_e0,ERR1620289_sub,1.8181818181818181,Thymidine-e0,242.22856000000002,10,2,SBO:0000247,MNXM420,IQFYYKKMVGJFEH-XLPZGREQSA-N,cpd00184,HMDB00273,R-ALL-83928,C00214,"['CHEBI:17748', 'CHEBI:15244', 'CHEBI:19273', 'CHEBI:45782', 'CHEBI:45834', 'CHEBI:45917', 'CHEBI:45918', 'CHEBI:9579', 'CHEBI:53527']",thymd,META:THYMIDINE,EX_cpd00184_e0
cpd00185_e0,ERR1620289_sub,1.0,D-Arabinose-e0,150.1299,5,0,SBO:0000247,MNXM544,SRBFZHDQGSBBOR-ZRMNMSDTSA-N,cpd00185,,,C00216,CHEBI:46994,arab__D,META:D-arabinopyranose,EX_cpd00185_e0
cpd00204_e0,ERR1620289_sub,0.0,CO-e0,29.01804,1,0,SBO:0000247,MNXM10881,UGFAIRIUMAVXCW-UHFFFAOYSA-N,cpd00204,HMDB01361,R-ALL-189385,C00237,"['CHEBI:17245', 'CHEBI:13281', 'CHEBI:23013', 'CHEBI:3282', 'CHEBI:41526', 'CHEBI:58072']",co,META:CARBON-MONOXIDE,EX_cpd00204_e0
cpd00205_e0,ERR1620289_sub,0.0,K+-e0,39.0983,0,0,SBO:0000247,MNXM95,NPYPAHLBTDXSSS-UHFFFAOYSA-N,cpd00205,HMDB00586,"['R-ALL-29804', 'R-ALL-5626313', 'R-ALL-74126']",C00238,"['CHEBI:29103', 'CHEBI:26219', 'CHEBI:49685', 'CHEBI:8345']",k,META:K+,EX_cpd00205_e0
cpd00208_e0,ERR1620289_sub,0.0,LACT-e0,342.29648000000003,12,0,SBO:0000247,MNXM362,GUBGYTABKSRVRQ-QKKXKWKRSA-N,cpd00208,HMDB41627,,"['C00243', 'C01970']","['CHEBI:17716', 'CHEBI:10296', 'CHEBI:10380', 'CHEBI:14497', 'CHEBI:22460', 'CHEBI:22760', 'CHEBI:25005', 'CHEBI:27755', 'CHEBI:27968', 'CHEBI:28577', 'CHEBI:613009', 'CHEBI:36218', 'CHEBI:10428', 'CHEBI:22846', 'CHEBI:35463', 'CHEBI:43665']",lcts,"['META:CPD-15971', 'META:CPD-15972']",EX_cpd00208_e0
cpd00211_e0,ERR1620289_sub,1.6,Butyrate-e0,87.09718,4,0,SBO:0000247,MNXM458,FERIUCNNQQJTOY-UHFFFAOYSA-M,cpd00211,HMDB00039,"['R-ALL-76179', 'R-ALL-8875042']",C00246,"['CHEBI:17968', 'CHEBI:13924', 'CHEBI:22946', 'CHEBI:30772', 'CHEBI:113450', 'CHEBI:22948', 'CHEBI:3234', 'CHEBI:41208']",,META:BUTYRIC_ACID,EX_cpd00211_e0
cpd00216_e0,ERR1620289_sub,0.0,Chorismate,224.16692,10,0,SBO:0000247,MNXM337,WTFXTQVDAKGDEY-HTQZYQBOSA-L,cpd00216,HMDB12199,R-ALL-964856,C00251,"['CHEBI:17333', 'CHEBI:23227', 'CHEBI:3677', 'CHEBI:29748', 'CHEBI:13993', 'CHEBI:23225']",chor,META:CHORISMATE,EX_cpd00216_e0
cpd00220_e0,ERR1620289_sub,0.0,Riboflavin,375.35596,17,4,SBO:0000247,MNXM270,AUNGANRZJHBGPY-SCRDCRAPSA-M,cpd00220,HMDB00244,"['R-ALL-196931', 'R-ALL-3165253']",C00255,"['CHEBI:17015', 'CHEBI:15044', 'CHEBI:27299', 'CHEBI:45214', 'CHEBI:529204', 'CHEBI:8843', 'CHEBI:57986']",ribflv,META:RIBOFLAVIN,EX_cpd00220_e0
cpd00221_e0,ERR1620289_sub,0.0,D-Lactate-e0,89.07,3,0,SBO:0000247,MNXM285,JVTAAEKCZFNVCJ-UWTATZPHSA-M,cpd00221,"['HMDB01311', 'HMDB00171']",,C00256,"['CHEBI:16004', 'CHEBI:11001', 'CHEBI:18684', 'CHEBI:42111', 'CHEBI:341', 'CHEBI:42105', 'CHEBI:43701']",lac__D,META:D-LACTATE,EX_cpd00221_e0
cpd00229_e0,ERR1620289_sub,0.0,Glycolaldehyde-e0,60.05196,2,0,SBO:0000247,MNXM349,WGCNASOHLSPBMP-UHFFFAOYSA-N,cpd00229,"['HMDB03344', 'HMDB02165']",,C00266,"['CHEBI:131198', 'CHEBI:17071', 'CHEBI:14347', 'CHEBI:24386', 'CHEBI:5474']",gcald,META:GLYCOLALDEHYDE,EX_cpd00229_e0
cpd00232_e0,ERR1620289_sub,0.0,Neu5Ac-e0,308.26192000000003,11,1,SBO:0000247,MNXM227,SQVRNKJHWKZAKO-LUWBGTNYSA-M,cpd00232,"['HMDB00230', 'HMDB00800']",,"['C00270', 'C19910']","['CHEBI:17012', 'CHEBI:21620', 'CHEBI:29087', 'CHEBI:7214', 'CHEBI:35418', 'CHEBI:12471', 'CHEBI:12579', 'CHEBI:21617', 'CHEBI:33987', 'CHEBI:45744', 'CHEBI:58705']",acnam,"['META:CPD0-1123', 'META:N-ACETYLNEURAMINATE']",EX_cpd00232_e0
cpd00239_e0,ERR1620289_sub,1.8,H2S-e0,33.072939999999996,0,0,SBO:0000247,MNXM89582,RWSOTUBLDIXVET-UHFFFAOYSA-M,cpd00239,"['HMDB00598', 'HMDB03276']","['R-ALL-1614532', 'R-ALL-1655881', 'R-ALL-1663154']",C00283,"['CHEBI:15138', 'CHEBI:16136', 'CHEBI:13356', 'CHEBI:14414', 'CHEBI:24639', 'CHEBI:43058', 'CHEBI:45489', 'CHEBI:5787', 'CHEBI:29919', 'CHEBI:30488']",h2s,"['META:CPD-7046', 'META:CPD-846', 'META:HS']",EX_cpd00239_e0
cpd00246_e0,ERR1620289_sub,1.0,Inosine-e0,268.22608,10,4,SBO:0000247,MNXM334,UGQMRVRMYYASKQ-KQYNXXCUSA-N,cpd00246,HMDB00195,"['R-ALL-83921', 'R-ALL-83927']",C00294,"['CHEBI:17596', 'CHEBI:14456', 'CHEBI:24841', 'CHEBI:44407', 'CHEBI:5927']",ins,META:INOSINE,EX_cpd00246_e0
cpd00249_e0,ERR1620289_sub,1.0,Uridine-e0,244.20138,9,2,SBO:0000247,MNXM288,DRTQHJPVMGBUCF-XVFCMESISA-N,cpd00249,HMDB00296,,C00299,"['CHEBI:16704', 'CHEBI:15296', 'CHEBI:27227', 'CHEBI:46386', 'CHEBI:46391', 'CHEBI:46460', 'CHEBI:46463', 'CHEBI:9893']",uri,META:URIDINE,EX_cpd00249_e0
cpd00254_e0,ERR1620289_sub,0.0,Mg-e0,24.305,0,0,SBO:0000247,MNXM653,JLVVSXFLKOJNIY-UHFFFAOYSA-N,cpd00254,HMDB00547,"['R-ALL-109496', 'R-ALL-114632', 'R-ALL-29926', 'R-ALL-5336432']",C00305,"['CHEBI:18420', 'CHEBI:13379', 'CHEBI:25112', 'CHEBI:49736', 'CHEBI:6635', 'CHEBI:39127']",mg2,META:MG+2,EX_cpd00254_e0
cpd00264_e0,ERR1620289_sub,1.8666666666666667,Spermidine-e0,148.26968,7,3,SBO:0000247,MNXM124,ATHGHQPFGPMSJY-UHFFFAOYSA-Q,cpd00264,HMDB01257,"['R-ALL-141324', 'R-ALL-204635']",C00315,"['CHEBI:16610', 'CHEBI:15095', 'CHEBI:15097', 'CHEBI:26732', 'CHEBI:26733', 'CHEBI:45647', 'CHEBI:9218', 'CHEBI:57834']",spmd,META:SPERMIDINE,EX_cpd00264_e0
cpd00276_e0,ERR1620289_sub,1.0,GLUM-e0,180.17906,6,1,SBO:0000247,MNXM533,MSWZFWKMSRAUBD-IVMDWMLBSA-O,cpd00276,"['HMDB01514', 'HMDB06479', 'HMDB15410']",R-ALL-6786660,C00329,"['CHEBI:17315', 'CHEBI:12961', 'CHEBI:47977', 'CHEBI:4162', 'CHEBI:47972', 'CHEBI:5417', 'CHEBI:58723']",gam,META:GLUCOSAMINE,EX_cpd00276_e0
cpd00277_e0,ERR1620289_sub,1.8571428571428572,Deoxyguanosine-e0,267.24132,10,5,SBO:0000247,MNXM647,YKBGVTZYEHREMT-KVQBGUIXSA-N,cpd00277,HMDB00085,,C00330,"['CHEBI:17172', 'CHEBI:14116', 'CHEBI:19244', 'CHEBI:23624', 'CHEBI:42667', 'CHEBI:42867', 'CHEBI:42874', 'CHEBI:42987', 'CHEBI:4412']",dgsn,META:DEOXYGUANOSINE,EX_cpd00277_e0
cpd00305_e0,ERR1620289_sub,0.0,Thiamin-e0,265.35458,12,4,SBO:0000247,MNXM161565,MYVIATVLJGTBFV-UHFFFAOYSA-M,cpd00305,,,,CHEBI:33283,thm,,EX_cpd00305_e0
cpd00307_e0,ERR1620289_sub,1.3333333333333333,Cytosine-e0,111.102,4,3,SBO:0000247,MNXM761,OPTASPLRGRRNAP-UHFFFAOYSA-N,cpd00307,HMDB00630,,C00380,"['CHEBI:16040', 'CHEBI:14066', 'CHEBI:23531', 'CHEBI:4072', 'CHEBI:41732']",csn,META:CYTOSINE,EX_cpd00307_e0
cpd00309_e0,ERR1620289_sub,1.894736842105263,XAN-e0,152.11086,5,4,SBO:0000247,MNXM174,LRFVTYWOQMYALW-UHFFFAOYSA-N,cpd00309,HMDB00292,R-ALL-30064,C00385,"['CHEBI:15318', 'CHEBI:17712', 'CHEBI:10059', 'CHEBI:27317', 'CHEBI:46377', 'CHEBI:48517']",xan,META:XANTHINE,EX_cpd00309_e0
cpd00311_e0,ERR1620289_sub,1.875,Guanosine-e0,283.24072,10,5,SBO:0000247,MNXM401,NYHBQMYGNKIUIF-UUOKFMHZSA-N,cpd00311,HMDB00133,,C00387,"['CHEBI:16750', 'CHEBI:14375', 'CHEBI:24444', 'CHEBI:42840', 'CHEBI:42847', 'CHEBI:42853', 'CHEBI:471737', 'CHEBI:5564']",gsn,META:GUANOSINE,EX_cpd00311_e0
cpd00314_e0,ERR1620289_sub,0.0,D-Mannitol-e0,182.17176,6,0,SBO:0000247,MNXM615,FBPFZTCFMRRESA-KVTDHHQDSA-N,cpd00314,"['HMDB00765', 'HMDB01363']",,C00392,"['CHEBI:16899', 'CHEBI:12996', 'CHEBI:130180', 'CHEBI:21050', 'CHEBI:44192', 'CHEBI:6686', 'CHEBI:29864', 'CHEBI:14574', 'CHEBI:25163']",mnl,META:MANNITOL,EX_cpd00314_e0
cpd00322_e0,ERR1620289_sub,0.0,L-Isoleucine-e0,131.17292,6,1,SBO:0000247,MNXM231,AGPKZVBTJJNPAG-WHFBIAKZSA-N,cpd00322,HMDB00172,"['R-ALL-113537', 'R-ALL-30102']",C00407,"['CHEBI:17191', 'CHEBI:13127', 'CHEBI:21344', 'CHEBI:43290', 'CHEBI:43342', 'CHEBI:43366', 'CHEBI:6255', 'CHEBI:24898', 'CHEBI:32604', 'CHEBI:32605', 'CHEBI:32612', 'CHEBI:32613', 'CHEBI:58045']",ile__L,META:ILE,EX_cpd00322_e0
cpd00324_e0,ERR1620289_sub,1.5,MTTL-e0,48.107459999999996,1,0,SBO:0000247,MNXM652,LSDPWZHWYPCBBB-UHFFFAOYSA-N,cpd00324,HMDB03227,,C00409,"['CHEBI:16007', 'CHEBI:14586', 'CHEBI:25225', 'CHEBI:6814']",ch4s,META:CPD-7671,EX_cpd00324_e0
cpd00363_e0,ERR1620289_sub,0.0,Ethanol-e0,46.06844,2,0,SBO:0000247,MNXM303,LFQSCWFLJHTTHZ-UHFFFAOYSA-N,cpd00363,HMDB00108,"['R-ALL-113748', 'R-ALL-30203']",C00469,"['CHEBI:16236', 'CHEBI:14222', 'CHEBI:23978', 'CHEBI:30878', 'CHEBI:30880', 'CHEBI:42377', 'CHEBI:44594', 'CHEBI:4879', 'CHEBI:52092']",etoh,META:ETOH,EX_cpd00363_e0
cpd00367_e0,ERR1620289_sub,1.9130434782608696,Cytidine-e0,243.21662,9,3,SBO:0000247,MNXM338,UHDGCWIWMRVCDJ-XVFCMESISA-N,cpd00367,HMDB00089,,C00475,"['CHEBI:17562', 'CHEBI:14063', 'CHEBI:23515', 'CHEBI:4053', 'CHEBI:41649', 'CHEBI:41686', 'CHEBI:41704', 'CHEBI:41709']",cytd,META:CYTIDINE,EX_cpd00367_e0
cpd00371_e0,ERR1620289_sub,0.0,Propanal-e0,58.07914,3,0,SBO:0000247,MNXM821,NBBJYMSMWIIQGU-UHFFFAOYSA-N,cpd00371,HMDB03366,,C00479,"['CHEBI:17153', 'CHEBI:14898', 'CHEBI:26281', 'CHEBI:41359', 'CHEBI:45052', 'CHEBI:8468']",ppal,META:CPD-665,EX_cpd00371_e0
cpd00380_e0,ERR1620289_sub,0.0,Itaconate-e0,128.08286,5,0,SBO:0000247,MNXM1747,LVHBHZANLOWSRM-UHFFFAOYSA-L,cpd00380,HMDB02092,,C00490,"['CHEBI:17240', 'CHEBI:14484', 'CHEBI:24932', 'CHEBI:30838', 'CHEBI:24933', 'CHEBI:6074']",itacon,META:ITACONATE,EX_cpd00380_e0
cpd00393_e0,ERR1620289_sub,1.8333333333333333,Folate-e0,439.38158000000004,19,7,SBO:0000247,MNXM617,OVBPIULPVIDEAO-LBPRGKRZSA-L,cpd00393,HMDB00121,"['R-ALL-197965', 'R-ALL-200716']",C00504,"['CHEBI:27470', 'CHEBI:24075', 'CHEBI:42610', 'CHEBI:5140', 'CHEBI:569217', 'CHEBI:62501']",fol,META:CPD-12826,EX_cpd00393_e0
cpd00412_e0,ERR1620289_sub,1.6,Deoxyuridine-e0,228.20198,9,2,SBO:0000247,MNXM492,MXHRCPNRJAMMIM-SHYZEUOFSA-N,cpd00412,HMDB00012,R-ALL-500430,C00526,"['CHEBI:16450', 'CHEBI:11398', 'CHEBI:11572', 'CHEBI:14123', 'CHEBI:19261', 'CHEBI:23640', 'CHEBI:29113', 'CHEBI:42178', 'CHEBI:4434', 'CHEBI:46165', 'CHEBI:46289', 'CHEBI:46293']",duri,META:DEOXYURIDINE,EX_cpd00412_e0
cpd00526_e0,ERR1620289_sub,1.3333333333333333,Cholate-e0,407.56346,24,0,SBO:0000247,MNXM450,BHQCQFFYRZLCQQ-OELDTZBJSA-M,cpd00526,HMDB00619,R-ALL-193451,C00695,"['CHEBI:16359', 'CHEBI:1694', 'CHEBI:20223', 'CHEBI:23210', 'CHEBI:29077', 'CHEBI:41494', 'CHEBI:29747', 'CHEBI:11895', 'CHEBI:13978', 'CHEBI:20216', 'CHEBI:23168', 'CHEBI:57748']",cholate,META:CHOLATE,EX_cpd00526_e0
cpd00588_e0,ERR1620289_sub,0.0,Sorbitol-e0,182.17176,6,0,SBO:0000247,MNXM469,FBPFZTCFMRRESA-JGWLITMVSA-N,cpd00588,HMDB00247,R-ALL-5652213,C00794,"['CHEBI:17924', 'CHEBI:12954', 'CHEBI:13020', 'CHEBI:17220', 'CHEBI:21091', 'CHEBI:4246', 'CHEBI:45559', 'CHEBI:30911', 'CHEBI:15093', 'CHEBI:26724', 'CHEBI:26726', 'CHEBI:33795', 'CHEBI:33796', 'CHEBI:9201']",sbt__D,META:SORBITOL,EX_cpd00588_e0
cpd00644_e0,ERR1620289_sub,0.0,PAN-e0,218.22704,9,1,SBO:0000247,MNXM364,GHOKWGTUZJEAQD-ZETCQYMHSA-M,cpd00644,"['HMDB00210', 'HMDB62717']","['R-ALL-196820', 'R-ALL-199192']",C00864,"['CHEBI:16454', 'CHEBI:14739', 'CHEBI:25846', 'CHEBI:29032', 'CHEBI:11008', 'CHEBI:18700', 'CHEBI:46905', 'CHEBI:18701', 'CHEBI:44679', 'CHEBI:7916']",pnto__R,META:PANTOTHENATE,EX_cpd00644_e0
cpd00794_e0,ERR1620289_sub,0.0,TRHL-e0,342.29648000000003,12,0,SBO:0000247,MNXM198,HDTRYLNUVZCQOY-LIZSDCNHSA-N,cpd00794,HMDB00975,"['R-ALL-189078', 'R-ALL-868614']",C01083,"['CHEBI:16551', 'CHEBI:10202', 'CHEBI:12281', 'CHEBI:12284', 'CHEBI:12287', 'CHEBI:15251', 'CHEBI:22365', 'CHEBI:46211', 'CHEBI:27082']",tre,"['META:CPD-15990', 'META:TREHALOSE']",EX_cpd00794_e0
cpd01217_e0,ERR1620289_sub,1.8461538461538463,Xanthosine-e0,284.22548,10,4,SBO:0000247,MNXM687,UBORTCNDUKBEOP-UUOKFMHZSA-N,cpd01217,HMDB00299,,C01762,"['CHEBI:18107', 'CHEBI:10066', 'CHEBI:15323', 'CHEBI:27327']",xtsn,META:XANTHOSINE,EX_cpd01217_e0
cpd01262_e0,ERR1620289_sub,0.0,Amylotriose-e0,504.43708,18,0,SBO:0000247,MNXM468,FYGDTMLNYKFZSV-PXXRMHSHSA-N,cpd01262,HMDB01262,R-ALL-191103,C01835,"['CHEBI:27931', 'CHEBI:25146', 'CHEBI:43937', 'CHEBI:6672', 'CHEBI:61993']",malttr,META:MALTOTRIOSE,EX_cpd01262_e0
cpd01741_e0,ERR1620289_sub,1.8461538461538463,ddca-e0,199.30982,12,0,SBO:0000247,MNXM402,POULHZVOKOAJMA-UHFFFAOYSA-M,cpd01741,HMDB00638,R-ALL-33549,C02679,"['CHEBI:18262', 'CHEBI:14187', 'CHEBI:23863', 'CHEBI:30805', 'CHEBI:23864', 'CHEBI:23865', 'CHEBI:41882', 'CHEBI:4680']",,META:DODECANOATE,EX_cpd01741_e0
cpd10515_e0,ERR1620289_sub,0.0,Fe2+-e0,55.845,0,0,SBO:0000247,MNXM111,CWYNVVGOOAEACU-UHFFFAOYSA-N,cpd10515,HMDB00692,,C14818,"['CHEBI:29033', 'CHEBI:13319', 'CHEBI:13321', 'CHEBI:21129', 'CHEBI:24876', 'CHEBI:34754', 'CHEBI:49599']",fe2,META:FE+2,EX_cpd10515_e0
cpd10516_e0,ERR1620289_sub,0.0,fe3-e0,55.845,0,0,SBO:0000247,MNXM196,VTLYFUHAOXGGBS-UHFFFAOYSA-N,cpd10516,HMDB12943,"['R-ALL-111736', 'R-ALL-912516', 'R-ALL-912519', 'R-ALL-917943', 'R-ALL-917966']",C14819,"['CHEBI:29034', 'CHEBI:13320', 'CHEBI:21130', 'CHEBI:24877', 'CHEBI:34755', 'CHEBI:49595']",fe3,META:FE+3,EX_cpd10516_e0
cpd11451_e0,ERR1620289_sub,1.7777777777777777,mql7-e0,651.01504,46,0,SBO:0000247,MNXM89812,PTWSIIUEOFZCHW-NTCAYCPXSA-N,cpd11451,,,,,,,EX_cpd11451_e0
cpd11606_e0,ERR1620289_sub,1.7777777777777777,Menaquinone 7-e0,648.9991600000001,46,0,SBO:0000247,MNXM12236,RAKQPZMEYJZGPI-LJWNYQGCSA-N,cpd11606,,,,CHEBI:44245,mqn7,META:CPD-9718,EX_cpd11606_e0
cpd11640_e0,ERR1620289_sub,0.0,H2-e0,2.01588,0,0,SBO:0000247,MNXM195,UFHFLCQGNIYNRP-UHFFFAOYSA-N,cpd11640,HMDB01362,R-ALL-113555,C00282,"['CHEBI:18276', 'CHEBI:13350', 'CHEBI:25363', 'CHEBI:5785', 'CHEBI:29294', 'CHEBI:29298', 'CHEBI:29299']",h2,META:HYDROGEN-MOLECULE,EX_cpd11640_e0
cpd23431_e0,ERR1620289_sub,1.3333333333333333,3-dehydrocholate-e0,405.54758,24,0,SBO:0000247,MNXM9997,OEKUSRBIIZNLHZ-DJDNIQJZSA-M,cpd23431,"['HMDB00502', 'HMDB62680']",,,"['CHEBI:87736', 'CHEBI:88108']",,META:CPD-12452,EX_cpd23431_e0
cpd28763_e0,ERR1620289_sub,0.0,Inulin-e0,1963.70248,72,0,SBO:0000247,MNXM57547,,cpd28763,HMDB14776,,,"['CHEBI:15443', 'CHEBI:10799', 'CHEBI:10845', 'CHEBI:169', 'CHEBI:18519', 'CHEBI:24854']",,META:Inulin,EX_cpd28763_e0
cpd90003_e0,ERR1620289_sub,0.0,"starch (n=27, 3xalpha1-6, 23xalpha1-4)-e0",4395.81148,162,0,SBO:0000247,MNXM1003,QZVGDKBSRWMVTK-PPFAGOBNSA-N,,,,"['C03018', 'C00369', 'C00721']","['CHEBI:17462', 'CHEBI:14687', 'CHEBI:7748', 'CHEBI:28017', 'CHEBI:26750', 'CHEBI:26751', 'CHEBI:9251']",starch,"['META:CPD-8556', 'META:Starch']",EX_cpd90003_e0
cpd90005_e0,ERR1620289_sub,1.0,Maltooctaose-e0,1315.1400800000001,48,0,SBO:0000247,,RUJILUJOOCOSRO-BZLDDXCSNA-N,,,,,,,,EX_cpd90005_e0
cpd90008_e0,ERR1620289_sub,1.0,Maltotridecaose-e0,2125.84308,78,0,SBO:0000247,,QPDCINZOSJUBQN-MELGIHPSNA-N,,,,,,,,EX_cpd90008_e0
cpd90021_e0,ERR1620289_sub,0.0,Xylan-b-1-4-e0,66075.32528,2500,0,SBO:0000247,MNXM9242,,,HMDB0301774,,C02352,CHEBI:15447,,META:1-4-beta-Xylan,EX_cpd90021_e0
